{
	"partitions" : [
		{
			"name" : "Top",
			"pins" : [
				{
					"name" : "control",
					"strict" : false
				},
				{
					"name" : "control2",
					"strict" : false
				},
				{
					"name" : "Pini",
					"strict" : false
				},
				{
					"name" : "Pfin",
					"strict" : false
				},
				{
					"name" : "Inc",
					"strict" : false
				},
				{
					"name" : "Dec",
					"strict" : false
				},
				{
					"name" : "reloj_sv",
					"strict" : false
				}
			]
		}
	]
}